movieId,title,genres
30,Shanghai Triad (Yao a yao yao dao waipo qiao) (1995),Crime|Drama
31,Dangerous Minds (1995),Drama
37,Across the Sea of Time (1995),Documentary|IMAX
161,Crimson Tide (1995),Drama|Thriller|War
193,Showgirls (1995),Drama
219,"Cure, The (1995)",Drama
288,Natural Born Killers (1994),Action|Crime|Thriller
308,Three Colors: White (Trzy kolory: Bialy) (1994),Comedy|Drama
339,While You Were Sleeping (1995),Comedy|Romance
387,"Low Down Dirty Shame, A (1994)",Action|Comedy
616,"Aristocats, The (1970)",Animation|Children
634,Theodore Rex (1995),Comedy
680,"Alphaville (Alphaville, une étrange aventure de Lemmy Caution) (1965)",Drama|Mystery|Romance|Sci-Fi|Thriller
705,Cosi (1996),Comedy
754,Gold Diggers: The Secret of Bear Mountain (1995),Adventure|Children
827,"Convent, The (O Convento) (1995)",Drama
908,North by Northwest (1959),Action|Adventure|Mystery|Romance|Thriller
916,Roman Holiday (1953),Comedy|Drama|Romance
1046,Beautiful Thing (1996),Drama|Romance
1089,Reservoir Dogs (1992),Crime|Mystery|Thriller
1132,Manon of the Spring (Manon des sources) (1986),Drama
1150,"Return of Martin Guerre, The (Retour de Martin Guerre, Le) (1982)",Drama
1192,Paris Is Burning (1990),Documentary
1196,Star Wars: Episode V - The Empire Strikes Back (1980),Action|Adventure|Sci-Fi
1292,Being There (1979),Comedy|Drama
1319,Kids of Survival (1996),Documentary
1461,Vegas Vacation (National Lampoon's Las Vegas Vacation) (1997),Comedy
1525,Warriors of Virtue (1997),Action|Adventure|Children|Fantasy
1526,Fathers' Day (1997),Comedy
1532,Sprung (1997),Comedy
1569,My Best Friend's Wedding (1997),Comedy|Romance
1597,Conspiracy Theory (1997),Drama|Mystery|Romance|Thriller
1639,Chasing Amy (1997),Comedy|Drama|Romance
1680,Sliding Doors (1998),Drama|Romance
1748,Dark City (1998),Adventure|Film-Noir|Sci-Fi|Thriller
1801,"Man in the Iron Mask, The (1998)",Action|Adventure|Drama
1825,"Player's Club, The (1998)",Comedy|Drama
1845,Zero Effect (1998),Comedy|Mystery|Thriller
1910,I Went Down (1997),Comedy|Crime|Drama
2066,Out of the Past (1947),Film-Noir
2137,Charlotte's Web (1973),Animation|Children
2244,"Allnighter, The (1987)",Comedy|Romance
2324,Life Is Beautiful (La Vita è bella) (1997),Comedy|Drama|Romance|War
2420,"Karate Kid, The (1984)",Drama
2507,Breakfast of Champions (1999),Comedy|Sci-Fi
2516,Children of the Corn III (1994),Horror
2546,"Deep End of the Ocean, The (1999)",Drama
2554,Children of the Damned (1963),Horror|Sci-Fi|Thriller
2556,Telling You (1998),Comedy|Drama|Romance
2563,Dangerous Beauty (1998),Drama
2580,Go (1999),Comedy|Crime
2618,"Castle, The (1997)",Comedy
2860,Blue Streak (1999),Comedy
2879,Armour of God II: Operation Condor (Operation Condor) (Fei ying gai wak) (1991),Action|Adventure|Comedy
2956,Someone to Watch Over Me (1987),Action|Crime|Thriller
2966,"Straight Story, The (1999)",Adventure|Drama
3133,Go West (1925),Comedy|Western
3202,Even Dwarfs Started Small (Auch Zwerge haben klein angefangen) (1971),Drama|Horror
3267,"Mariachi, El (1992)",Action|Crime|Thriller|Western
3287,"Tigger Movie, The (2000)",Animation|Children
3413,Impact (1949),Crime|Drama
3444,Bloodsport (1988),Action
3457,Waking the Dead (2000),Drama|Thriller
3512,Return to Me (2000),Drama|Romance
3525,Bachelor Party (1984),Comedy
3535,American Psycho (2000),Crime|Horror|Mystery|Thriller
3536,Keeping the Faith (2000),Comedy|Drama|Romance
3736,"Ace in the Hole (Big Carnival, The) (1951)",Drama
3744,Shaft (2000),Action|Crime|Thriller
3802,Freejack (1992),Action|Sci-Fi
3876,Jerry and Tom (1998),Comedy|Crime|Drama
3905,"Specials, The (2000)",Comedy
3908,Urban Legends: Final Cut (2000),Horror
3930,"Creature from the Black Lagoon, The (1954)",Adventure|Horror|Sci-Fi
3933,"Killer Shrews, The (1959)",Horror|Sci-Fi
4092,Cherry 2000 (1987),Romance|Sci-Fi
4133,Masters of the Universe (1987),Action|Adventure|Fantasy|Sci-Fi
4238,Along Came a Spider (2001),Action|Crime|Mystery|Thriller
4367,Lara Croft: Tomb Raider (2001),Action|Adventure
4438,"Fist of Fury (Chinese Connection, The) (Jing wu men) (1972)",Action|Drama|Romance|Thriller
4440,"Big Boss, The (Fists of Fury) (Tang shan da xiong) (1971)",Action|Thriller
4536,Rocket Gibraltar (1988),Drama
4566,American Ninja 2: The Confrontation (1987),Action|Adventure
4583,Disorganized Crime (1989),Action|Comedy
4605,How to Get Ahead in Advertising (1989),Comedy|Fantasy
4701,Rush Hour 2 (2001),Action|Comedy
4723,"Deep End, The (2001)",Drama
4761,Diamond Men (2001),Drama
4809,Silkwood (1983),Drama
4994,"Majestic, The (2001)",Comedy|Drama|Romance
5093,Collateral Damage (2002),Action|Thriller
5161,Intersection (1994),Drama|Romance
5229,I Think I Do (1997),Comedy
5285,Lucky Break (2001),Comedy|Crime
5290,First Men in the Moon (1964),Adventure|Sci-Fi
5431,Goin' South (1978),Comedy|Western
5443,Juwanna Mann (2002),Comedy
5560,À nous la liberté (Freedom for Us) (1931),Comedy|Musical
5603,"Lavender Hill Mob, The (1951)",Comedy|Crime
5669,Bowling for Columbine (2002),Documentary
5758,Horror Planet (a.k.a. Inseminoid) (1981),Action|Drama|Horror|Sci-Fi
5867,Thief (1981),Crime|Drama|Thriller
6010,Double Whammy (2001),Action|Comedy|Drama
6078,Firefox (1982),Action|Sci-Fi|Thriller
6111,Paradise (1982),Adventure|Romance
6229,Two-Lane Blacktop (1971),Drama
6351,Hysterical Blindness (2002),Drama
6412,Destry Rides Again (1939),Comedy|Western
6439,Attack! (1956),Drama|War
6482,Dumb and Dumberer: When Harry Met Lloyd (2003),Comedy
6489,"Loco Love (Mi Casa, Su Casa) (2002)",Comedy
6490,Manito (2002),Drama
6493,Alex and Emma (2003),Comedy|Drama|Romance
6510,"Bodies, Rest & Motion (1993)",Drama|Romance
6657,"Beast from 20,000 Fathoms, The (1953)",Sci-Fi
6793,Beethoven (1992),Children|Comedy|Drama
6806,Time and Tide (Seunlau Ngaklau) (2000),Action|Crime|Thriller
6816,Three O'Clock High (1987),Comedy
6961,Damage (Fatale) (1992),Drama
6981,"Ordet (Word, The) (1955)",Drama
7029,Rabid (1977),Horror|Thriller
7085,Send Me No Flowers (1964),Comedy|Romance
7108,Crime Story (Zhong an zu) (1993),Action|Crime|Drama
7156,"Fog of War: Eleven Lessons from the Life of Robert S. McNamara, The (2003)",Documentary|War
7175,Torque (2004),Action|Crime
7185,Real Men (1987),Comedy|Sci-Fi
7371,Dogville (2003),Drama|Mystery|Thriller
7375,"Prince & Me, The (2004)",Comedy|Romance
7405,Road to Bali (1952),Comedy|Musical
7481,Enemy Mine (1985),Adventure|Drama|Sci-Fi
7580,"Man in the Gray Flannel Suit, The (1956)",Drama
7587,"Samouraï, Le (Godson, The) (1967)",Crime|Drama|Thriller
7645,Iron & Silk (1990),Comedy|Drama
7705,Pat and Mike (1952),Comedy|Romance
7992,Cockfighter (1974),Drama
8134,Wonderful Days (a.k.a. Sky Blue) (2003),Animation|Sci-Fi
8265,Frogs (1972),Drama|Horror|Mystery|Thriller
8302,"Front Page, The (1931)",Comedy|Drama|Romance
8483,"Born Losers, The (1967)",Action|Drama|Thriller
8486,Bachelor Mother (1939),Comedy|Romance
8580,Into the Woods (1991),Adventure|Comedy|Fantasy|Musical
8644,"I, Robot (2004)",Action|Adventure|Sci-Fi|Thriller
8675,"Enemy Below, The (1957)",Action|Drama|War
8798,Collateral (2004),Action|Crime|Drama|Thriller
25852,Gaslight (1940),Mystery|Thriller
25901,"Henry V (Chronicle History of King Henry the Fift with His Battell Fought at Agincourt in France, The) (1944)",Drama|War
25905,"Miracle of Morgan's Creek, The (1944)",Comedy|Romance
26050,North West Frontier (1959),Adventure|Drama|War
26137,"Heroes of Telemark, The (1965) ",Action|Drama|War
26138,"Hill, The (1965)",Drama|War
26191,Petulia (1968),Drama
26253,Nicholas and Alexandra (1971),Drama|War
26325,Hearts and Minds (1974),Documentary|War
26487,Star 80 (1983),Drama
26562,White Nights (1985),Drama
26696,Lionheart (1990),Action
26764,Captain America (1990),Action|Fantasy|Sci-Fi|Thriller|War
26958,Emma (1996),Romance
27273,Crane World (Mundo grúa) (1999),Comedy|Drama
27799,Sex Lives of the Potato Men (2004),Comedy
27815,"Chorus, The (Choristes, Les) (2004)",Drama
27840,"Day Without a Mexican, A (2004)",Comedy|Drama|Fantasy|Mystery
31431,Boogeyman (2005),Drama|Horror|Mystery|Thriller
31549,Fata Morgana (1971),Documentary|Drama|Sci-Fi
31628,"Taxing Woman, A (Marusa no onna) (1987)",Comedy
31894,"ChubbChubbs!, The (2002)",Animation|Comedy|Sci-Fi
32002,Bigger Than the Sky (2005),Comedy|Drama|Romance
32076,Godzilla vs. The Sea Monster (Gojira-Ebira-Mosura: Nankai no daiketto) (1966),Action|Adventure|Fantasy|Sci-Fi
32088,DNA (1997),Action|Sci-Fi
32156,Hello Down There (1969),Comedy|Sci-Fi
32291,Melinda and Melinda (2004),Comedy|Drama
32525,"Earrings of Madame de..., The (Madame de...) (1953)",Drama
32779,Steppenwolf (1974),Drama
33191,Jubal (1956),Western
33435,Los Angeles Plays Itself (2003),Documentary
34312,"Calcium Kid, The (2004)",Comedy
34371,Kiss and Make-Up (1934),Comedy|Musical|Romance
35738,Movie Movie (1978),Comedy|Musical
36804,Bookies (2003),Comedy|Crime|Drama|Thriller
38656,Sweet Movie (1974),Comedy|Drama
39234,North Country (2005),Drama
39414,Shopgirl (2005),Comedy|Drama|Romance
39416,Kids in America (2005),Comedy|Drama
40015,Aprile (1998),Comedy
41564,"Kid & I, The (2005)",Comedy
42546,Passport to Pimlico (1949),Comedy
43971,Trauma (1993),Horror|Mystery|Thriller
44193,She's the Man (2006),Comedy|Romance
44301,Lights in the Dusk (Laitakaupungin valot) (2006),Crime|Drama
45501,"Break-Up, The (2006)",Comedy|Drama|Romance
45679,"Seventh Victim, The (1943)",Drama|Film-Noir|Horror|Mystery
45994,National Lampoon's Cattle Call (Cattle Call) (2006),Comedy
46083,Drawing Restraint 9 (2005),Fantasy
47719,"Music Box, The (1932)",Comedy
47830,"Quiet, The (2005)",Crime|Drama|Mystery|Thriller
48059,"Boy Named Charlie Brown, A (1969)",Animation|Children|Comedy|Drama
48304,Apocalypto (2006),Adventure|Drama|Thriller
48700,Marie Antoinette (1938),Drama|Romance
49422,"OSS 117: Cairo, Nest of Spies (OSS 117: Le Caire nid d'espions) (2006)",Adventure|Comedy|Crime
51559,Eight Deadly Shots (Kahdeksan surmanluotia) (1972),Drama
51596,First on the Moon (Pervye na Lune) (2005),Documentary|Sci-Fi
51619,"Lathe of Heaven, The (1980)",Sci-Fi
52182,Eklavya: The Royal Guard (2007),Action|Drama|Thriller
52973,Knocked Up (2007),Comedy|Drama|Romance
54176,No Time For Sergeants (1958),Adventure|Comedy|War
54185,Manufactured Landscapes (2006),Documentary
54274,I Know Who Killed Me (2007),Crime|Drama|Thriller
54455,Teachers (1984),Comedy|Drama|Romance
55274,Elizabeth: The Golden Age (2007),Drama
56691,"Hamiltons, The (2006)",Drama|Horror|Thriller
56775,National Treasure: Book of Secrets (2007),Action|Adventure
58649,Napoléon (1927),Drama|War
58803,21 (2008),Crime|Drama|Romance|Thriller
58975,"Ruins, The (2008)",Horror|Thriller
59136,Before Flying Back to Earth (Pries parskrendant i zeme) (2005),Documentary
59834,100 Rifles (1969),Adventure|War|Western
60037,"Happening, The (2008)",Drama|Sci-Fi|Thriller
60894,"Edge of Love, The (2008)",Drama|Romance|War
60948,Bottle Shock (2008),Drama
61818,"Crow, The: Wicked Prayer (2005)",Action|Adventure|Fantasy|Thriller
61931,Private Parts (1972),Horror|Thriller
62439,My Best Friend's Girl (2008),Comedy|Romance
63007,"Affairs of Anatol, The (1921)",Comedy|Drama
63853,Australia (2008),Adventure|Drama|War|Western
64167,Dinotopia (2002),Adventure|Fantasy
64750,Pin... (1988),Horror
65660,"Secret of the Grain, The (La graine et le mulet) (2007)",Drama
66808,Far Cry (2008),Action|Adventure|Drama
66915,Rock-A-Doodle (1991),Adventure|Animation|Children|Musical
67927,Hangover Square (1945),Crime|Drama|Horror|Thriller
68952,Drag Me to Hell (2009),Comedy|Horror
69169,"Song Is Born, A (1948)",Comedy|Musical
69699,Love Streams (1984),Comedy|Drama
70201,High Hopes (1988),Comedy
70637,I Can't Think Straight (2007),Drama|Romance
70932,My Life in Ruins (2009),Comedy
71014,"Dark Corner, The (1946)",Crime|Drama|Film-Noir
71264,Cloudy with a Chance of Meatballs (2009),Animation|Children|Fantasy|IMAX
71446,"Muriel, or The Time of Return (Muriel ou Le temps d'un retour) (1963)",Drama
71738,"Shanghai Gesture, The (1941)",Drama|Film-Noir
72104,Balance (1989),Animation|Drama|Mystery|Sci-Fi|Thriller
72330,"Private Lives of Pippa Lee, The (2009)",Drama
72489,Ninja Assassin (2009),Action|Crime|Drama|Thriller
73135,"Good Life, The (2007)",Comedy|Drama
73319,Leap Year (2010),Comedy|Romance
73790,Kid Galahad (1937),Crime|Drama|Romance
74061,Rahtree: Flower of the Night (Buppha Rahtree) (2003),Comedy|Drama|Horror|Thriller
74154,When in Rome (2010),Comedy|Romance
74573,"Vicious Kind, The (2009)",Comedy|Drama
74653,Shinjuku Incident (San suk si gin) (2009),Crime|Drama|Thriller
74671,Rockaway (2007),Action|Crime|Drama
75406,"Carter, The (2009)",Documentary
76077,Hot Tub Time Machine (2010),Comedy|Sci-Fi
76272,Five Minutes of Heaven (2009),Crime|Drama|Thriller
76866,Until the Light Takes Us (2008),Documentary
77349,As Good as Dead (2010),Thriller
78016,Times and Winds (Bes vakit) (2006),Drama
78122,Peter & the Wolf (2006),Animation|Musical
78465,Three Little Words (1950),Comedy|Musical|Romance
78649,"Hot Dog Program, A (1999)",Documentary
78713,"Trespasser, The (1929)",Drama
79029,Kurt Cobain About a Son (2006),Documentary|Musical
79203,Nightwatching (2007),Drama|Mystery
79333,Watch Out for the Automobile (Beregis avtomobilya) (1966),Comedy|Crime|Romance
79636,"Inner Life of Martin Frost, The (2007)",Comedy|Drama
79638,"Family, The (Famiglia, La) (1987)",Drama|Musical|Romance
79925,Prince of Foxes (1949),Adventure|Drama
80107,"Dance, Girl, Dance (1940)",Comedy|Drama
80285,Conquest (1937),Drama|Romance
80321,Blood River (2009),Horror|Thriller|Western
80330,Offside (2006),Comedy|Drama
80400,"Larceny, Inc. (1942)",Comedy|Crime|Drama
80740,Luke and Lucy: The Texas Rangers (Suske en Wiske: De Texas rakkers) (2009),Adventure|Animation|Comedy|Western
81229,Red (2010),Action|Comedy
81417,Paranormal Activity 2 (2010),Horror|IMAX
81804,Wild Target (2010),Comedy|Drama|Romance|Thriller
82139,Not Forgotten (2009),Thriller
82169,"Chronicles of Narnia: The Voyage of the Dawn Treader, The (2010)",Adventure|Children|Fantasy
82366,Hatchet II (2010),Comedy|Horror|Thriller
82584,"Great Waltz, The (1938)",Drama|Musical|Romance
82593,How to Seduce Difficult Women (2009),Comedy
82911,"Cowboy and the Lady, The (1938)",Comedy|Drama|Romance|Western
82931,"Last Circus, The (Balada triste de trompeta) (Sad Trumpet Ballad, A) (2010)",Comedy|Drama|War
83343,Mister 880 (1950),Comedy
83446,Orchestra Wives (1942),Musical
84154,Transcendent Man (2009),Documentary
84829,Three Crowns of the Sailor (Les trois couronnes du matelot) (1983),Drama|Fantasy
86286,Daffy Duck's Quackbusters (1988),Animation|Children|Comedy|Horror
86553,Yolanda and the Thief (1945),Fantasy|Musical|Romance
86624,"Woman, a Gun and a Noodle Shop, A (San qiang pai an jing qi) (2009)",Comedy|Drama
86745,God's Country (1986),Documentary
87766,Three Brothers (Tre fratelli) (1981),Drama
88171,Trio (1950),Drama|Romance
88398,"Undefeated, The (2011)",Documentary
88821,"Merry Widow, The (1952)",Musical
89273,Fatherland (1994),Action|Drama
89275,Simon Says (2009),Horror
89521,"Winning Team, The (1952)",Drama|Romance
89722,"Horrible Way to Die, A (2010) ",Horror|Thriller
90819,"Last Days of Pompeii, The (1935)",Adventure|Drama
91671,Alvin and the Chipmunks: Chipwrecked (2011),Animation|Comedy
91972,"Divide, The (2011)",Thriller
92118,"Terrorizers, The (Kong bu fen zi) (1986)",Drama
92507,Safe House (2012),Action|Crime|Mystery|Thriller
92740,Chapiteau-show (Shapito-shou) (2011),Adventure|Comedy
92804,Bodyguards and Assassins (2009),Action|Drama
93128,"Mozart's Sister (Nannerl, la soeur de Mozart) (2011)",Drama|Romance
93598,"Snowtown (Snowtown Murders, The) (2011)",Crime|Drama|Thriller
93612,Nothing Lasts Forever (1984) ,Comedy|Fantasy|Sci-Fi
95486,"Toughest Man in the World, The (1984)",Comedy|Drama
96257,Heroic Purgatory (Rengoku eroica) (1970),Drama
96304,Hara-Kiri: Death of a Samurai (2011),Drama
96498,"Dinosaur Project, The (2012)",Adventure
96769,Australian Atomic Confessions (2005),Documentary
96868,Shut Up and Play the Hits (2012),Documentary
96947,Volcano (Eldfjall) (2011),Drama
97781,Rolling (2007),Drama
98279,"Fantastic Fear of Everything, A (2012)",Comedy
98337,97 Percent True (2008),Documentary
98991,Freeloaders (2011),Comedy
99020,Let Fury Have the Hour (2012),Documentary
99182,Spring Break Shark Attack (2005),Adventure|Drama|Horror
99434,Snow on Tha Bluff (2011),Crime|Drama
99491,Booker's Place: A Mississippi Story (2012),Documentary|Mystery
99525,Soldiers of Fortune (2012),Action|Adventure
100342,Hawking (2004),Drama
100515,War Witch (Rebelle) (2012),Drama|War
101127,Tripping the Rift: The Movie (2008),Animation|Comedy|Sci-Fi
101142,"Croods, The (2013)",Adventure|Animation|Comedy
101373,"Wayward Bus, The (1957)",Drama
101666,"Night in Heaven, A (1983)",Drama|Romance
101715,Loaded (2008),Action|Crime|Drama|Thriller
101864,Oblivion (2013),Action|Adventure|Sci-Fi|IMAX
102354,About Cherry (2012),Drama
103059,Hannah Arendt (2012),Drama
103164,"Beginner's Guide to Endings, A (2010)",Comedy|Drama
103282,Dragon Hunter (2009),Action|Adventure|Fantasy
103384,"Lone Ranger, The (2013)",Action|Adventure|Western|IMAX
103386,Happiness Never Comes Alone (Un bonheur n'arrive jamais seul) (2012),Comedy|Romance
103834,Fetching Cody (2005),Drama
103998,Always Outnumbered (1998),Drama
104085,Class of 1999 (1990),Action|Horror|Sci-Fi
104680,"Last of Robin Hood, The (2013)",Drama
104996,Table No.21 (2013),Drama|Thriller
105386,Curse of Chucky (Child's Play 6) (2013),Horror|Thriller
106057,Wind with the Gone (El viento se llevó lo qué) (1998),Comedy|Drama
106141,Bad Chicken (2013),Comedy
106195,How I Live Now (2013),Action|Drama|Thriller
106295,"Castle of the Living Dead (Castello Dei Morti Vivi, Il) (1964)",Horror|Sci-Fi|Thriller
106369,Panic Button (2011),Horror|Thriller
106489,"Hobbit: The Desolation of Smaug, The (2013)",Adventure|Fantasy|IMAX
107130,"Adventure in Space and Time, An (2013)",Drama
108014,River Queen (2005),Action|Adventure|Drama|Romance|War
108447,Atrocious (2010),Horror|Thriller
108501,Justice League: War (2014),Action|Adventure|Animation|Fantasy|Sci-Fi
108551,"String, The (Le fil) (2009)",Drama
108981,Nymphomaniac: Volume II (2013),Drama|Mystery
109173,Storm Rider (2013),Drama
109181,Adult World (2013),Comedy
109452,Omar (2013),Drama|Romance
109487,Interstellar (2014),Sci-Fi|IMAX
109529,Everybody Street (2013),Documentary
109796,Special Correspondents (Envoyés très spéciaux) (2009),Comedy
109858,Entre ses mains (2005),Drama|Romance|Thriller
110809,Vampire Academy (2014),Action|Comedy|Fantasy
111622,Begin Again (2013),Comedy|Romance
111921,The Fault in Our Stars (2014),Drama|Romance
112251,Snapshot (1979),Drama|Horror|Thriller
112483,Sunburn (1979),Action|Comedy|Crime
112603,A mí las mujeres ni fu ni fa (1971),Comedy|Musical
112852,Guardians of the Galaxy (2014),Action|Adventure|Sci-Fi
112907,"Villain, The (Ek Villain) (2014)",Action|Romance|Thriller
112946,Wish I Was Here (2014),Comedy|Drama
113300,R100 (2013),Comedy|Drama
113352,Death in Buenos Aires (Muerte en Buenos Aires) (2014),Crime|Drama|Romance
113501,Appleseed Alpha (2014),Action|Animation|Sci-Fi
113640,"Canal, The (2014)",Horror|Thriller
113719,2AM: The Smiling Man (2013),Horror
113771,Exists (2014),Horror
114945,Jack and the Cuckoo-Clock Heart (Jack et la mécanique du coeur) (2013),Adventure|Animation|Drama|Fantasy|Musical|Romance
115251,Charlie Chan at Treasure Island (1939),Comedy|Crime|Horror|Mystery|Thriller
115465,Tour De Force (Hin und weg) (2014),Drama
115701,Cry Baby Lane (2000),Drama|Horror
115795,Bronx Obama (2014),Documentary
116094,Mabel's Married Life (1914),Comedy
116501,Die Fighting (2014),Action|Thriller
116817,Rudderless (2014),Comedy|Drama
116905,Patema Inverted (2013),Adventure|Animation|Drama|Fantasy|Sci-Fi
117103,Deliver Us From Evil (1973),Crime|Drama
117418,Victor and the Secret of Crocodile Mansion (2012),Adventure|Children|Mystery
117440,Lupin the 3rd (2014),Action|Adventure|Comedy
117482,Merry-Go-Round (1923),Drama
117541,Home Sweet Home (2008),Comedy
117686,Elvis Meets Nixon (1997),Comedy|Drama
118173,The Batman vs. Dracula (2005),Action|Animation|Horror|Thriller
118193,Hand in Hand (1961),Children|Drama
118466,The Kingdom of Dreams and Madness (2013),Animation|Documentary
118606,Dots (1940),Animation
120122,Raspberry Boat Refugee (2014),Comedy
120623,3 Simoa (2012),Comedy
121135,Nurse 3D (2013),Horror|Thriller
121306,Above Us Only Sky (2011),Drama
121857,Too Tough to Die: A Tribute to Johnny Ramone (2006),Documentary
122300,The Land Before Time VII: The Stone of Cold Fire (2000),Adventure|Animation|Children|Fantasy
123943,Shun Li and the Poet (2011),Drama
125081,Mars (1968),Documentary|Sci-Fi
125533,Almost 18 (2012),Comedy|Drama
125628,Citizen Koch (2013),Documentary
125934,Christmas Comes but Once a Year (1936),(no genres listed)
125948,Fright to the Finish (1954),(no genres listed)
125954,Impure Thoughts (1986),Comedy
126156,Latitudes (2014),Drama|Romance
126428,Ama lur (Tierra Madre) (1968),Documentary
127134,A Walk in the Woods (2015),Adventure|Comedy|Drama
127166,6 Desires: DH Lawrence and Sardinia (2014),Documentary
127200,I Smile Back (2015),Drama
127214,"Stockholm, Pennsylvania (2015)",Drama|Thriller
127250,Last Chance (2014),Comedy
127309,Teen Spirit (2011),Comedy|Drama|Fantasy
127861,The Last Gladiators (2011),Documentary
128201,Hercules (2005),Action|Adventure|Fantasy
128686,Sputnik (2013),(no genres listed)
128922,Heckler (2007),Comedy|Documentary
128960,Sugarbaby (1985),Comedy
129233,Believe Me (2014),Comedy|Drama
129360,Garage Sale Mystery (2013),Drama
129737,Unfinished Business (2015),Comedy
129812,New Scenes from America (2002),Documentary
129857,Bright Days Ahead (2013),Drama|Romance
130344,Coast of Death (2013),Children|Documentary|Drama
130408,A Rumor Of War (1980),(no genres listed)
130510,Berserk: The Golden Age Arc 3 - Descent (2013),Action|Animation|Fantasy
131239,Three Quarter Moon (2011),Comedy|Drama
